artist,track,played_at
Billy Cobham,Light at the End of the Tunnel,2026-09-13T14:29:24
Billy Cobham,Some Skunk Funk,2026-09-13T14:25:43
Billy Cobham,Thinking of You,2026-09-13T14:20:32
Billy Cobham,A Funky Thide of Sings,2026-09-13T14:16:03
Billy Cobham,Sorcery,2026-09-13T14:12:25
Billy Cobham,Panhandler,2026-09-13T14:10:00
Grateful Dead,"St. Stephen - Live at Boston Music Hall, Boston, MA, 6/11/1976",2026-09-13T14:03:04
Grateful Dead,"Promised Land - Live at Boston Music Hall, Boston, MA, 6/11/1976",2026-09-13T13:53:15
Grateful Dead,"Brown-Eyed Women - Live at Boston Music Hall, Boston, MA, 6/11/1976",2026-09-13T13:49:38
Grateful Dead,"Supplication - Live at Boston Music Hall, Boston, MA, 6/11/1976",2026-09-13T13:43:44
Grateful Dead,"Lazy Lightning - Live at Boston Music Hall, Boston, MA, 6/11/1976",2026-09-13T13:38:23
Grateful Dead,"It Must Have Been the Roses - Live at Boston Music Hall, Boston, MA, 6/11/1976",2026-09-13T13:35:29
Grateful Dead,"Looks Like Rain - Live at Boston Music Hall, Boston, MA, 6/11/1976",2026-09-13T13:28:19
Grateful Dead,"Scarlet Begonias - Live at Boston Music Hall, Boston, MA, 6/11/1976",2026-09-13T13:19:26
